model,iter,Model,AUC,Fold,Macro-F1,subject_id,y_true,y_pred,Metric,Precision,Recall,F1,Value,Avg_MacroF1,Fold1,Fold2,Fold3,Fold4,Fold5,Feature Index,Mean |SHAP|,Class,F1-score
tabular,iter1,RandomForest,0.6458,,,,,,,,,,,,,,,,,,,,
tabular,iter1,XGBoost,0.5852,,,,,,,,,,,,,,,,,,,,
stacker_best_model_folds_iter1.csv,iter1,,,Fold-1,1.0,,,,,,,,,,,,,,,,,,
stacker_best_model_folds_iter1.csv,iter1,,,Fold-2,0.5,,,,,,,,,,,,,,,,,,
stacker_best_model_folds_iter1.csv,iter1,,,Fold-3,1.0,,,,,,,,,,,,,,,,,,
stacker_best_model_folds_iter1.csv,iter1,,,Fold-4,1.0,,,,,,,,,,,,,,,,,,
stacker_best_model_folds_iter1.csv,iter1,,,Fold-5,1.0,,,,,,,,,,,,,,,,,,
stacker_preds_iter1.csv,iter1,,,,,1308.0,1.0,0.0,,,,,,,,,,,,,,,
stacker_preds_iter1.csv,iter1,,,,,635.0,0.0,0.0,,,,,,,,,,,,,,,
stacker_preds_iter1.csv,iter1,,,,,106.0,0.0,0.0,,,,,,,,,,,,,,,
stacker_preds_iter1.csv,iter1,,,,,846.0,1.0,0.0,,,,,,,,,,,,,,,
stacker_preds_iter1.csv,iter1,,,,,1258.0,0.0,0.0,,,,,,,,,,,,,,,
stacker_preds_iter1.csv,iter1,,,,,382.0,1.0,1.0,,,,,,,,,,,,,,,
tfidf,iter1,,,,,,,,0,0.8806959403479702,0.7625538020086083,0.8173779315647828,,,,,,,,,,,
tfidf,iter1,,,,,,,,1,0.6035928143712574,0.7777777777777778,0.6797033041132838,,,,,,,,,,,
tfidf,iter1,,,,,,,,Accuracy,0.767384916748286,,,,,,,,,,,,,
tfidf,iter1,,,,,,,,ROC_AUC,0.8588306144499352,,,,,,,,,,,,,
gru,iter1,,,,,,,,Accuracy,,,,0.375052148518982,,,,,,,,,,
gru,iter1,,,,,,,,AUC,,,,0.5939341399731486,,,,,,,,,,
gru,iter1,,,,,,,,Precision_1,,,,0.3179026924893717,,,,,,,,,,
gru,iter1,,,,,,,,Recall_1,,,,0.9257221458046768,,,,,,,,,,
gru,iter1,,,,,,,,F1_1,,,,0.4732770745428973,,,,,,,,,,
clinicalbert_transformer,iter1,,,,,,,,Accuracy,,,,0.5555555555555556,,,,,,,,,,
clinicalbert_transformer,iter1,,,,,,,,MacroAUC,,,,0.2388888888888888,,,,,,,,,,
clinicalbert_transformer,iter1,,,,,,,,Precision_1,,,,0.0,,,,,,,,,,
clinicalbert_transformer,iter1,,,,,,,,Recall_1,,,,0.0,,,,,,,,,,
clinicalbert_transformer,iter1,,,,,,,,F1_1,,,,0.0,,,,,,,,,,
stacker_candidate_scores_iter1.csv,iter1,LogisticRegression,,,,,,,,,,,,0.9,1.0,0.5,1.0,1.0,1.0,,,,
stacker_candidate_scores_iter1.csv,iter1,RandomForest,,,,,,,,,,,,0.6083,0.375,0.2,0.7333,1.0,0.7333,,,,
stacker_candidate_scores_iter1.csv,iter1,XGBoost,,,,,,,,,,,,0.8133,1.0,0.3333,1.0,1.0,0.7333,,,,
stacker_candidate_scores_iter1.csv,iter1,LightGBM,,,,,,,,,,,,0.2971,0.2857,0.3333,0.3333,0.3333,0.2,,,,
stacker_candidate_scores_iter1.csv,iter1,CatBoost,,,,,,,,,,,,0.739,0.7619,0.2,1.0,1.0,0.7333,,,,
stacker_candidate_scores_iter1.csv,iter1,MLP,,,,,,,,,,,,0.8467,1.0,0.5,1.0,1.0,0.7333,,,,
stacker_candidate_scores_iter1.csv,iter1,SVM,,,,,,,,,,,,0.8467,1.0,0.5,1.0,1.0,0.7333,,,,
stacker_candidate_scores_iter1.csv,iter1,NaiveBayes,,,,,,,,,,,,0.6133,1.0,0.3333,0.7333,0.5,0.5,,,,
stacker_candidate_scores_iter1.csv,iter1,StackingCV,,,,,,,,,,,,0.8133,1.0,0.3333,1.0,1.0,0.7333,,,,
stacker_shap_top_features_iter1_logisticregression.csv,iter1,,,,,,,,,,,,,,,,,,,6.0,0.300703,,
stacker_shap_top_features_iter1_logisticregression.csv,iter1,,,,,,,,,,,,,,,,,,,4.0,0.094603,,
stacker_shap_top_features_iter1_logisticregression.csv,iter1,,,,,,,,,,,,,,,,,,,5.0,0.008581,,
stacker_shap_top_features_iter1_logisticregression.csv,iter1,,,,,,,,,,,,,,,,,,,0.0,0.00024,,
stacker_shap_top_features_iter1_logisticregression.csv,iter1,,,,,,,,,,,,,,,,,,,3.0,9.7e-05,,
stacker_shap_top_features_iter1_logisticregression.csv,iter1,,,,,,,,,,,,,,,,,,,1.0,4.9e-05,,
stacker_shap_top_features_iter1_logisticregression.csv,iter1,,,,,,,,,,,,,,,,,,,2.0,0.0,,
lstm,iter1,,,,,,,,Accuracy,,,,0.6132665832290363,,,,,,,,,,
lstm,iter1,,,,,,,,AUC,,,,0.5695240880000658,,,,,,,,,,
transformer,iter1,,,,,,,,Accuracy,,,,0.3763037129745515,,,,,,,,,,
transformer,iter1,,,,,,,,AUC,,,,0.5229863519178973,,,,,,,,,,
transformer,iter1,,,,,,,,Precision_1,,,,0.3091451292246521,,,,,,,,,,
transformer,iter1,,,,,,,,Recall_1,,,,0.8555708390646493,,,,,,,,,,
transformer,iter1,,,,,,,,F1_1,,,,0.4541803577948156,,,,,,,,,,
stacker_multiclass_metrics_iter1_logisticregression.csv,iter1,,,,,,,,,0.6,1.0,,,,,,,,,,,0.0,0.75
stacker_multiclass_metrics_iter1_logisticregression.csv,iter1,,,,,,,,,1.0,0.3333,,,,,,,,,,,1.0,0.5
stacker_best_model_folds_iter1.csv,iter1,,,Fold-1,1.0,,,,,,,,,,,,,,,,,,
stacker_best_model_folds_iter1.csv,iter1,,,Fold-2,0.5,,,,,,,,,,,,,,,,,,
stacker_best_model_folds_iter1.csv,iter1,,,Fold-3,1.0,,,,,,,,,,,,,,,,,,
stacker_best_model_folds_iter1.csv,iter1,,,Fold-4,1.0,,,,,,,,,,,,,,,,,,
stacker_best_model_folds_iter1.csv,iter1,,,Fold-5,1.0,,,,,,,,,,,,,,,,,,
stacker_preds_iter1.csv,iter1,,,,,1308.0,1.0,0.0,,,,,,,,,,,,,,,
stacker_preds_iter1.csv,iter1,,,,,635.0,0.0,0.0,,,,,,,,,,,,,,,
stacker_preds_iter1.csv,iter1,,,,,106.0,0.0,0.0,,,,,,,,,,,,,,,
stacker_preds_iter1.csv,iter1,,,,,846.0,1.0,0.0,,,,,,,,,,,,,,,
stacker_preds_iter1.csv,iter1,,,,,1258.0,0.0,0.0,,,,,,,,,,,,,,,
stacker_preds_iter1.csv,iter1,,,,,382.0,1.0,1.0,,,,,,,,,,,,,,,
stacker_candidate_scores_iter1.csv,iter1,LogisticRegression,,,,,,,,,,,,0.9,1.0,0.5,1.0,1.0,1.0,,,,
stacker_candidate_scores_iter1.csv,iter1,RandomForest,,,,,,,,,,,,0.6083,0.375,0.2,0.7333,1.0,0.7333,,,,
stacker_candidate_scores_iter1.csv,iter1,XGBoost,,,,,,,,,,,,0.8133,1.0,0.3333,1.0,1.0,0.7333,,,,
stacker_candidate_scores_iter1.csv,iter1,LightGBM,,,,,,,,,,,,0.2971,0.2857,0.3333,0.3333,0.3333,0.2,,,,
stacker_candidate_scores_iter1.csv,iter1,CatBoost,,,,,,,,,,,,0.739,0.7619,0.2,1.0,1.0,0.7333,,,,
stacker_candidate_scores_iter1.csv,iter1,MLP,,,,,,,,,,,,0.8467,1.0,0.5,1.0,1.0,0.7333,,,,
stacker_candidate_scores_iter1.csv,iter1,SVM,,,,,,,,,,,,0.8467,1.0,0.5,1.0,1.0,0.7333,,,,
stacker_candidate_scores_iter1.csv,iter1,NaiveBayes,,,,,,,,,,,,0.6133,1.0,0.3333,0.7333,0.5,0.5,,,,
stacker_candidate_scores_iter1.csv,iter1,StackingCV,,,,,,,,,,,,0.8133,1.0,0.3333,1.0,1.0,0.7333,,,,
stacker_shap_top_features_iter1_logisticregression.csv,iter1,,,,,,,,,,,,,,,,,,,6.0,0.300703,,
stacker_shap_top_features_iter1_logisticregression.csv,iter1,,,,,,,,,,,,,,,,,,,4.0,0.094603,,
stacker_shap_top_features_iter1_logisticregression.csv,iter1,,,,,,,,,,,,,,,,,,,5.0,0.008581,,
stacker_shap_top_features_iter1_logisticregression.csv,iter1,,,,,,,,,,,,,,,,,,,0.0,0.00024,,
stacker_shap_top_features_iter1_logisticregression.csv,iter1,,,,,,,,,,,,,,,,,,,3.0,9.7e-05,,
stacker_shap_top_features_iter1_logisticregression.csv,iter1,,,,,,,,,,,,,,,,,,,1.0,4.9e-05,,
stacker_shap_top_features_iter1_logisticregression.csv,iter1,,,,,,,,,,,,,,,,,,,2.0,0.0,,
stacker_multiclass_metrics_iter1_logisticregression.csv,iter1,,,,,,,,,0.6,1.0,,,,,,,,,,,0.0,0.75
stacker_multiclass_metrics_iter1_logisticregression.csv,iter1,,,,,,,,,1.0,0.3333,,,,,,,,,,,1.0,0.5
tabular,iter1,RandomForest,0.6458,,,,,,,,,,,,,,,,,,,,
tabular,iter1,XGBoost,0.5852,,,,,,,,,,,,,,,,,,,,
stacker_best_model_folds_iter1.csv,iter1,,,Fold-1,1.0,,,,,,,,,,,,,,,,,,
stacker_best_model_folds_iter1.csv,iter1,,,Fold-2,0.5,,,,,,,,,,,,,,,,,,
stacker_best_model_folds_iter1.csv,iter1,,,Fold-3,1.0,,,,,,,,,,,,,,,,,,
stacker_best_model_folds_iter1.csv,iter1,,,Fold-4,1.0,,,,,,,,,,,,,,,,,,
stacker_best_model_folds_iter1.csv,iter1,,,Fold-5,0.7333,,,,,,,,,,,,,,,,,,
stacker_preds_iter1.csv,iter1,,,,,1308.0,1.0,0.0,,,,,,,,,,,,,,,
stacker_preds_iter1.csv,iter1,,,,,635.0,0.0,0.0,,,,,,,,,,,,,,,
stacker_preds_iter1.csv,iter1,,,,,106.0,0.0,0.0,,,,,,,,,,,,,,,
stacker_preds_iter1.csv,iter1,,,,,846.0,1.0,0.0,,,,,,,,,,,,,,,
stacker_preds_iter1.csv,iter1,,,,,1258.0,0.0,0.0,,,,,,,,,,,,,,,
stacker_preds_iter1.csv,iter1,,,,,382.0,1.0,1.0,,,,,,,,,,,,,,,
tfidf,iter1,,,,,,,,0,0.8806959403479702,0.7625538020086083,0.8173779315647828,,,,,,,,,,,
tfidf,iter1,,,,,,,,1,0.6035928143712574,0.7777777777777778,0.6797033041132838,,,,,,,,,,,
tfidf,iter1,,,,,,,,Accuracy,0.767384916748286,,,,,,,,,,,,,
tfidf,iter1,,,,,,,,ROC_AUC,0.8588306144499352,,,,,,,,,,,,,
gru,iter1,,,,,,,,Accuracy,,,,0.6637463496036713,,,,,,,,,,
gru,iter1,,,,,,,,AUC,,,,0.726739368580583,,,,,,,,,,
gru,iter1,,,,,,,,Precision_1,,,,0.4631873252562907,,,,,,,,,,
gru,iter1,,,,,,,,Recall_1,,,,0.6836313617606602,,,,,,,,,,
gru,iter1,,,,,,,,F1_1,,,,0.5522222222222222,,,,,,,,,,
clinicalbert_transformer,iter1,,,,,,,,Accuracy,,,,0.5925925925925926,,,,,,,,,,
clinicalbert_transformer,iter1,,,,,,,,MacroAUC,,,,0.7166666666666666,,,,,,,,,,
clinicalbert_transformer,iter1,,,,,,,,Precision_1,,,,0.5217391304347826,,,,,,,,,,
clinicalbert_transformer,iter1,,,,,,,,Recall_1,,,,1.0,,,,,,,,,,
clinicalbert_transformer,iter1,,,,,,,,F1_1,,,,0.6857142857142857,,,,,,,,,,
stacker_candidate_scores_iter1.csv,iter1,LogisticRegression,,,,,,,,,,,,0.8,1.0,0.5,1.0,1.0,0.5,,,,
stacker_candidate_scores_iter1.csv,iter1,RandomForest,,,,,,,,,,,,0.6857,0.7619,0.2,0.7333,1.0,0.7333,,,,
stacker_candidate_scores_iter1.csv,iter1,XGBoost,,,,,,,,,,,,0.76,1.0,0.3333,0.7333,1.0,0.7333,,,,
stacker_candidate_scores_iter1.csv,iter1,LightGBM,,,,,,,,,,,,0.2971,0.2857,0.3333,0.3333,0.3333,0.2,,,,
stacker_candidate_scores_iter1.csv,iter1,CatBoost,,,,,,,,,,,,0.7867,1.0,0.2,1.0,1.0,0.7333,,,,
stacker_candidate_scores_iter1.csv,iter1,MLP,,,,,,,,,,,,0.8067,0.8,0.5,1.0,1.0,0.7333,,,,
stacker_candidate_scores_iter1.csv,iter1,SVM,,,,,,,,,,,,0.8467,1.0,0.5,1.0,1.0,0.7333,,,,
stacker_candidate_scores_iter1.csv,iter1,NaiveBayes,,,,,,,,,,,,0.5057,0.7619,0.2,0.7333,0.3333,0.5,,,,
stacker_candidate_scores_iter1.csv,iter1,StackingCV,,,,,,,,,,,,0.8133,1.0,0.3333,1.0,1.0,0.7333,,,,
stacker_shap_top_features_iter1_logisticregression.csv,iter1,,,,,,,,,,,,,,,,,,,6.0,0.300703,,
stacker_shap_top_features_iter1_logisticregression.csv,iter1,,,,,,,,,,,,,,,,,,,4.0,0.094603,,
stacker_shap_top_features_iter1_logisticregression.csv,iter1,,,,,,,,,,,,,,,,,,,5.0,0.008581,,
stacker_shap_top_features_iter1_logisticregression.csv,iter1,,,,,,,,,,,,,,,,,,,0.0,0.00024,,
stacker_shap_top_features_iter1_logisticregression.csv,iter1,,,,,,,,,,,,,,,,,,,3.0,9.7e-05,,
stacker_shap_top_features_iter1_logisticregression.csv,iter1,,,,,,,,,,,,,,,,,,,1.0,4.9e-05,,
stacker_shap_top_features_iter1_logisticregression.csv,iter1,,,,,,,,,,,,,,,,,,,2.0,0.0,,
lstm,iter1,,,,,,,,Accuracy,,,,0.5523571130579892,,,,,,,,,,
lstm,iter1,,,,,,,,AUC,,,,0.6073783656895287,,,,,,,,,,
transformer,iter1,,,,,,,,Accuracy,,,,0.3483521068001668,,,,,,,,,,
transformer,iter1,,,,,,,,AUC,,,,0.5316315100198502,,,,,,,,,,
transformer,iter1,,,,,,,,Precision_1,,,,0.3146915224145584,,,,,,,,,,
transformer,iter1,,,,,,,,Recall_1,,,,0.9752407152682256,,,,,,,,,,
transformer,iter1,,,,,,,,F1_1,,,,0.4758389261744966,,,,,,,,,,
stacker_binary_metrics_iter1_svm.csv,iter1,,,,,,,,,0.6,1.0,,,,,,,,,,,0.0,0.75
stacker_binary_metrics_iter1_svm.csv,iter1,,,,,,,,,1.0,0.3333,,,,,,,,,,,1.0,0.5
stacker_multiclass_metrics_iter1_logisticregression.csv,iter1,,,,,,,,,0.6,1.0,,,,,,,,,,,0.0,0.75
stacker_multiclass_metrics_iter1_logisticregression.csv,iter1,,,,,,,,,1.0,0.3333,,,,,,,,,,,1.0,0.5
stacker_best_model_folds_iter1.csv,iter1,,,Fold-1,1.0,,,,,,,,,,,,,,,,,,
stacker_best_model_folds_iter1.csv,iter1,,,Fold-2,0.5,,,,,,,,,,,,,,,,,,
stacker_best_model_folds_iter1.csv,iter1,,,Fold-3,1.0,,,,,,,,,,,,,,,,,,
stacker_best_model_folds_iter1.csv,iter1,,,Fold-4,1.0,,,,,,,,,,,,,,,,,,
stacker_best_model_folds_iter1.csv,iter1,,,Fold-5,1.0,,,,,,,,,,,,,,,,,,
stacker_preds_iter1.csv,iter1,,,,,1308.0,1.0,0.0,,,,,,,,,,,,,,,
stacker_preds_iter1.csv,iter1,,,,,635.0,0.0,0.0,,,,,,,,,,,,,,,
stacker_preds_iter1.csv,iter1,,,,,106.0,0.0,0.0,,,,,,,,,,,,,,,
stacker_preds_iter1.csv,iter1,,,,,846.0,1.0,0.0,,,,,,,,,,,,,,,
stacker_preds_iter1.csv,iter1,,,,,1258.0,0.0,0.0,,,,,,,,,,,,,,,
stacker_preds_iter1.csv,iter1,,,,,382.0,1.0,1.0,,,,,,,,,,,,,,,
stacker_candidate_scores_iter1.csv,iter1,LogisticRegression,,,,,,,,,,,,0.9,1.0,0.5,1.0,1.0,1.0,,,,
stacker_candidate_scores_iter1.csv,iter1,RandomForest,,,,,,,,,,,,0.6083,0.375,0.2,0.7333,1.0,0.7333,,,,
stacker_candidate_scores_iter1.csv,iter1,XGBoost,,,,,,,,,,,,0.8133,1.0,0.3333,1.0,1.0,0.7333,,,,
stacker_candidate_scores_iter1.csv,iter1,LightGBM,,,,,,,,,,,,0.2971,0.2857,0.3333,0.3333,0.3333,0.2,,,,
stacker_candidate_scores_iter1.csv,iter1,CatBoost,,,,,,,,,,,,0.739,0.7619,0.2,1.0,1.0,0.7333,,,,
stacker_candidate_scores_iter1.csv,iter1,MLP,,,,,,,,,,,,0.8467,1.0,0.5,1.0,1.0,0.7333,,,,
stacker_candidate_scores_iter1.csv,iter1,SVM,,,,,,,,,,,,0.8467,1.0,0.5,1.0,1.0,0.7333,,,,
stacker_candidate_scores_iter1.csv,iter1,NaiveBayes,,,,,,,,,,,,0.6133,1.0,0.3333,0.7333,0.5,0.5,,,,
stacker_candidate_scores_iter1.csv,iter1,StackingCV,,,,,,,,,,,,0.8133,1.0,0.3333,1.0,1.0,0.7333,,,,
stacker_shap_top_features_iter1_logisticregression.csv,iter1,,,,,,,,,,,,,,,,,,,6.0,0.300703,,
stacker_shap_top_features_iter1_logisticregression.csv,iter1,,,,,,,,,,,,,,,,,,,4.0,0.094603,,
stacker_shap_top_features_iter1_logisticregression.csv,iter1,,,,,,,,,,,,,,,,,,,5.0,0.008581,,
stacker_shap_top_features_iter1_logisticregression.csv,iter1,,,,,,,,,,,,,,,,,,,0.0,0.00024,,
stacker_shap_top_features_iter1_logisticregression.csv,iter1,,,,,,,,,,,,,,,,,,,3.0,9.7e-05,,
stacker_shap_top_features_iter1_logisticregression.csv,iter1,,,,,,,,,,,,,,,,,,,1.0,4.9e-05,,
stacker_shap_top_features_iter1_logisticregression.csv,iter1,,,,,,,,,,,,,,,,,,,2.0,0.0,,
stacker_multiclass_metrics_iter1_logisticregression.csv,iter1,,,,,,,,,0.6,1.0,,,,,,,,,,,0.0,0.75
stacker_multiclass_metrics_iter1_logisticregression.csv,iter1,,,,,,,,,1.0,0.3333,,,,,,,,,,,1.0,0.5
stacker_best_model_folds_iter1.csv,iter1,,,Fold-1,1.0,,,,,,,,,,,,,,,,,,
stacker_best_model_folds_iter1.csv,iter1,,,Fold-2,0.5,,,,,,,,,,,,,,,,,,
stacker_best_model_folds_iter1.csv,iter1,,,Fold-3,1.0,,,,,,,,,,,,,,,,,,
stacker_best_model_folds_iter1.csv,iter1,,,Fold-4,1.0,,,,,,,,,,,,,,,,,,
stacker_best_model_folds_iter1.csv,iter1,,,Fold-5,0.7333,,,,,,,,,,,,,,,,,,
stacker_preds_iter1.csv,iter1,,,,,1308.0,1.0,0.0,,,,,,,,,,,,,,,
stacker_preds_iter1.csv,iter1,,,,,635.0,0.0,0.0,,,,,,,,,,,,,,,
stacker_preds_iter1.csv,iter1,,,,,106.0,0.0,0.0,,,,,,,,,,,,,,,
stacker_preds_iter1.csv,iter1,,,,,846.0,1.0,0.0,,,,,,,,,,,,,,,
stacker_preds_iter1.csv,iter1,,,,,1258.0,0.0,0.0,,,,,,,,,,,,,,,
stacker_preds_iter1.csv,iter1,,,,,382.0,1.0,1.0,,,,,,,,,,,,,,,
stacker_candidate_scores_iter1.csv,iter1,LogisticRegression,,,,,,,,,,,,0.8,1.0,0.5,1.0,1.0,0.5,,,,
stacker_candidate_scores_iter1.csv,iter1,RandomForest,,,,,,,,,,,,0.6857,0.7619,0.2,0.7333,1.0,0.7333,,,,
stacker_candidate_scores_iter1.csv,iter1,XGBoost,,,,,,,,,,,,0.76,1.0,0.3333,0.7333,1.0,0.7333,,,,
stacker_candidate_scores_iter1.csv,iter1,LightGBM,,,,,,,,,,,,0.2971,0.2857,0.3333,0.3333,0.3333,0.2,,,,
stacker_candidate_scores_iter1.csv,iter1,CatBoost,,,,,,,,,,,,0.7867,1.0,0.2,1.0,1.0,0.7333,,,,
stacker_candidate_scores_iter1.csv,iter1,MLP,,,,,,,,,,,,0.8067,0.8,0.5,1.0,1.0,0.7333,,,,
stacker_candidate_scores_iter1.csv,iter1,SVM,,,,,,,,,,,,0.8467,1.0,0.5,1.0,1.0,0.7333,,,,
stacker_candidate_scores_iter1.csv,iter1,NaiveBayes,,,,,,,,,,,,0.5057,0.7619,0.2,0.7333,0.3333,0.5,,,,
stacker_candidate_scores_iter1.csv,iter1,StackingCV,,,,,,,,,,,,0.8133,1.0,0.3333,1.0,1.0,0.7333,,,,
stacker_binary_metrics_iter1_svm.csv,iter1,,,,,,,,,0.6,1.0,,,,,,,,,,,0.0,0.75
stacker_binary_metrics_iter1_svm.csv,iter1,,,,,,,,,1.0,0.3333,,,,,,,,,,,1.0,0.5
tabular,iter1,RandomForest,0.6579,,,,,,,,,,,,,,,,,,,,
tabular,iter1,XGBoost,0.5463,,,,,,,,,,,,,,,,,,,,
stacker_best_model_folds_iter1.csv,iter1,,,Fold-1,0.3333,,,,,,,,,,,,,,,,,,
stacker_best_model_folds_iter1.csv,iter1,,,Fold-2,1.0,,,,,,,,,,,,,,,,,,
stacker_best_model_folds_iter1.csv,iter1,,,Fold-3,1.0,,,,,,,,,,,,,,,,,,
stacker_best_model_folds_iter1.csv,iter1,,,Fold-4,0.4286,,,,,,,,,,,,,,,,,,
stacker_best_model_folds_iter1.csv,iter1,,,Fold-5,0.2,,,,,,,,,,,,,,,,,,
stacker_preds_iter1.csv,iter1,,,,,36.0,0.0,0.0,,,,,,,,,,,,,,,
stacker_preds_iter1.csv,iter1,,,,,523.0,0.0,0.0,,,,,,,,,,,,,,,
stacker_preds_iter1.csv,iter1,,,,,835.0,1.0,0.0,,,,,,,,,,,,,,,
stacker_preds_iter1.csv,iter1,,,,,1084.0,0.0,0.0,,,,,,,,,,,,,,,
stacker_preds_iter1.csv,iter1,,,,,514.0,0.0,0.0,,,,,,,,,,,,,,,
tfidf,iter1,,,,,,,,0,0.8525641025641025,0.7610872675250357,0.8042328042328042,,,,,,,,,,,
tfidf,iter1,,,,,,,,1,0.5866336633663366,0.7203647416413373,0.6466575716234653,,,,,,,,,,,
tfidf,iter1,,,,,,,,Accuracy,0.7480544747081712,,,,,,,,,,,,,
tfidf,iter1,,,,,,,,ROC_AUC,0.8365663496701758,,,,,,,,,,,,,
stacker_binary_metrics_iter1_logisticregression.csv,iter1,,,,,,,,,0.8,1.0,,0.0,0.8889,,,,,,,,,
stacker_binary_metrics_iter1_logisticregression.csv,iter1,,,,,,,,,0.0,0.0,,1.0,0.0,,,,,,,,,
gru,iter1,,,,,,,,Accuracy,,,,,,0.5790571547768043,,,,,,,,
gru,iter1,,,,,,,,AUC,,,,,,0.6504851370162014,,,,,,,,
gru,iter1,,,,,,,,Precision_1,,,,,,0.3908668730650155,,,,,,,,
gru,iter1,,,,,,,,Recall_1,,,,,,0.6946354883081155,,,,,,,,
gru,iter1,,,,,,,,F1_1,,,,,,0.5002476473501734,,,,,,,,
clinicalbert_transformer,iter1,,,,,,,,Accuracy,,,,,,0.7307692307692307,,,,,,,,
clinicalbert_transformer,iter1,,,,,,,,MacroAUC,,,,,,0.6,,,,,,,,
clinicalbert_transformer,iter1,,,,,,,,Precision_1,,,,,,0.3333333333333333,,,,,,,,
clinicalbert_transformer,iter1,,,,,,,,Recall_1,,,,,,0.1666666666666666,,,,,,,,
clinicalbert_transformer,iter1,,,,,,,,F1_1,,,,,,0.2222222222222222,,,,,,,,
stacker_candidate_scores_iter1.csv,iter1,LogisticRegression,,,,,,,,,,,,,,0.5924,0.3333,1.0,1.0,0.4286,0.2,,
stacker_candidate_scores_iter1.csv,iter1,RandomForest,,,,,,,,,,,,,,0.4895,0.4286,0.4286,0.4286,0.4286,0.7333,,
stacker_candidate_scores_iter1.csv,iter1,XGBoost,,,,,,,,,,,,,,0.3829,0.4286,0.4286,0.4286,0.4286,0.2,,
stacker_candidate_scores_iter1.csv,iter1,LightGBM,,,,,,,,,,,,,,0.4286,0.4286,0.4286,0.4286,0.4286,0.4286,,
stacker_candidate_scores_iter1.csv,iter1,CatBoost,,,,,,,,,,,,,,0.4895,0.4286,0.4286,0.4286,0.4286,0.7333,,
stacker_candidate_scores_iter1.csv,iter1,MLP,,,,,,,,,,,,,,0.4781,0.4286,0.4286,1.0,0.3333,0.2,,
stacker_candidate_scores_iter1.csv,iter1,SVM,,,,,,,,,,,,,,0.459,0.3333,0.4286,1.0,0.3333,0.2,,
stacker_candidate_scores_iter1.csv,iter1,NaiveBayes,,,,,,,,,,,,,,0.4895,0.4286,0.4286,0.7333,0.4286,0.4286,,
stacker_candidate_scores_iter1.csv,iter1,StackingCV,,,,,,,,,,,,,,0.4324,0.3333,1.0,0.4286,0.2,0.2,,
stacker_shap_top_features_iter1_logisticregression.csv,iter1,,,,,,,,,,,,,,,,,,,,,6.0,0.216507
stacker_shap_top_features_iter1_logisticregression.csv,iter1,,,,,,,,,,,,,,,,,,,,,4.0,0.086865
stacker_shap_top_features_iter1_logisticregression.csv,iter1,,,,,,,,,,,,,,,,,,,,,5.0,0.038796
stacker_shap_top_features_iter1_logisticregression.csv,iter1,,,,,,,,,,,,,,,,,,,,,0.0,0.005006
stacker_shap_top_features_iter1_logisticregression.csv,iter1,,,,,,,,,,,,,,,,,,,,,1.0,0.002479
stacker_shap_top_features_iter1_logisticregression.csv,iter1,,,,,,,,,,,,,,,,,,,,,3.0,0.000204
stacker_shap_top_features_iter1_logisticregression.csv,iter1,,,,,,,,,,,,,,,,,,,,,2.0,9e-06
lstm,iter1,,,,,,,,Accuracy,,,,,,0.576136837713809,,,,,,,,
lstm,iter1,,,,,,,,AUC,,,,,,0.576874449175926,,,,,,,,
transformer,iter1,,,,,,,,Accuracy,,,,,,0.3320817688777638,,,,,,,,
transformer,iter1,,,,,,,,AUC,,,,,,0.5643704338228632,,,,,,,,
transformer,iter1,,,,,,,,Precision_1,,,,,,0.3111495246326707,,,,,,,,
transformer,iter1,,,,,,,,Recall_1,,,,,,0.9903713892709766,,,,,,,,
transformer,iter1,,,,,,,,F1_1,,,,,,0.4735284445905952,,,,,,,,
stacker_binary_metrics_iter1_svm.csv,iter1,,,,,,,,,0.6,1.0,,0.0,0.75,,,,,,,,,
stacker_binary_metrics_iter1_svm.csv,iter1,,,,,,,,,1.0,0.3333,,1.0,0.5,,,,,,,,,
stacker_multiclass_metrics_iter1_logisticregression.csv,iter1,,,,,,,,,0.6,1.0,,0.0,0.75,,,,,,,,,
stacker_multiclass_metrics_iter1_logisticregression.csv,iter1,,,,,,,,,1.0,0.3333,,1.0,0.5,,,,,,,,,
stacker_best_model_folds_iter1.csv,iter1,,,Fold-1,1.0,,,,,,,,,,,,,,,,,,
stacker_best_model_folds_iter1.csv,iter1,,,Fold-2,0.5,,,,,,,,,,,,,,,,,,
stacker_best_model_folds_iter1.csv,iter1,,,Fold-3,1.0,,,,,,,,,,,,,,,,,,
stacker_best_model_folds_iter1.csv,iter1,,,Fold-4,1.0,,,,,,,,,,,,,,,,,,
stacker_best_model_folds_iter1.csv,iter1,,,Fold-5,1.0,,,,,,,,,,,,,,,,,,
stacker_preds_iter1.csv,iter1,,,,,1308.0,1.0,0.0,,,,,,,,,,,,,,,
stacker_preds_iter1.csv,iter1,,,,,635.0,0.0,0.0,,,,,,,,,,,,,,,
stacker_preds_iter1.csv,iter1,,,,,106.0,0.0,0.0,,,,,,,,,,,,,,,
stacker_preds_iter1.csv,iter1,,,,,846.0,1.0,0.0,,,,,,,,,,,,,,,
stacker_preds_iter1.csv,iter1,,,,,1258.0,0.0,0.0,,,,,,,,,,,,,,,
stacker_preds_iter1.csv,iter1,,,,,382.0,1.0,1.0,,,,,,,,,,,,,,,
stacker_candidate_scores_iter1.csv,iter1,LogisticRegression,,,,,,,,,,,,,,0.9,1.0,0.5,1.0,1.0,1.0,,
stacker_candidate_scores_iter1.csv,iter1,RandomForest,,,,,,,,,,,,,,0.6083,0.375,0.2,0.7333,1.0,0.7333,,
stacker_candidate_scores_iter1.csv,iter1,XGBoost,,,,,,,,,,,,,,0.8133,1.0,0.3333,1.0,1.0,0.7333,,
stacker_candidate_scores_iter1.csv,iter1,LightGBM,,,,,,,,,,,,,,0.2971,0.2857,0.3333,0.3333,0.3333,0.2,,
stacker_candidate_scores_iter1.csv,iter1,CatBoost,,,,,,,,,,,,,,0.739,0.7619,0.2,1.0,1.0,0.7333,,
stacker_candidate_scores_iter1.csv,iter1,MLP,,,,,,,,,,,,,,0.8467,1.0,0.5,1.0,1.0,0.7333,,
stacker_candidate_scores_iter1.csv,iter1,SVM,,,,,,,,,,,,,,0.8467,1.0,0.5,1.0,1.0,0.7333,,
stacker_candidate_scores_iter1.csv,iter1,NaiveBayes,,,,,,,,,,,,,,0.6133,1.0,0.3333,0.7333,0.5,0.5,,
stacker_candidate_scores_iter1.csv,iter1,StackingCV,,,,,,,,,,,,,,0.8133,1.0,0.3333,1.0,1.0,0.7333,,
stacker_shap_top_features_iter1_logisticregression.csv,iter1,,,,,,,,,,,,,,,,,,,,,6.0,0.300703
stacker_shap_top_features_iter1_logisticregression.csv,iter1,,,,,,,,,,,,,,,,,,,,,4.0,0.094603
stacker_shap_top_features_iter1_logisticregression.csv,iter1,,,,,,,,,,,,,,,,,,,,,5.0,0.008581
stacker_shap_top_features_iter1_logisticregression.csv,iter1,,,,,,,,,,,,,,,,,,,,,0.0,0.00024
stacker_shap_top_features_iter1_logisticregression.csv,iter1,,,,,,,,,,,,,,,,,,,,,3.0,9.7e-05
stacker_shap_top_features_iter1_logisticregression.csv,iter1,,,,,,,,,,,,,,,,,,,,,1.0,4.9e-05
stacker_shap_top_features_iter1_logisticregression.csv,iter1,,,,,,,,,,,,,,,,,,,,,2.0,0.0
stacker_multiclass_metrics_iter1_logisticregression.csv,iter1,,,,,,,,,0.6,1.0,,0.0,0.75,,,,,,,,,
stacker_multiclass_metrics_iter1_logisticregression.csv,iter1,,,,,,,,,1.0,0.3333,,1.0,0.5,,,,,,,,,
stacker_best_model_folds_iter1.csv,iter1,,,Fold-1,1.0,,,,,,,,,,,,,,,,,,
stacker_best_model_folds_iter1.csv,iter1,,,Fold-2,0.5,,,,,,,,,,,,,,,,,,
stacker_best_model_folds_iter1.csv,iter1,,,Fold-3,1.0,,,,,,,,,,,,,,,,,,
stacker_best_model_folds_iter1.csv,iter1,,,Fold-4,1.0,,,,,,,,,,,,,,,,,,
stacker_best_model_folds_iter1.csv,iter1,,,Fold-5,0.7333,,,,,,,,,,,,,,,,,,
stacker_preds_iter1.csv,iter1,,,,,1308.0,1.0,0.0,,,,,,,,,,,,,,,
stacker_preds_iter1.csv,iter1,,,,,635.0,0.0,0.0,,,,,,,,,,,,,,,
stacker_preds_iter1.csv,iter1,,,,,106.0,0.0,0.0,,,,,,,,,,,,,,,
stacker_preds_iter1.csv,iter1,,,,,846.0,1.0,0.0,,,,,,,,,,,,,,,
stacker_preds_iter1.csv,iter1,,,,,1258.0,0.0,0.0,,,,,,,,,,,,,,,
stacker_preds_iter1.csv,iter1,,,,,382.0,1.0,1.0,,,,,,,,,,,,,,,
stacker_candidate_scores_iter1.csv,iter1,LogisticRegression,,,,,,,,,,,,,,0.8,1.0,0.5,1.0,1.0,0.5,,
stacker_candidate_scores_iter1.csv,iter1,RandomForest,,,,,,,,,,,,,,0.6857,0.7619,0.2,0.7333,1.0,0.7333,,
stacker_candidate_scores_iter1.csv,iter1,XGBoost,,,,,,,,,,,,,,0.76,1.0,0.3333,0.7333,1.0,0.7333,,
stacker_candidate_scores_iter1.csv,iter1,LightGBM,,,,,,,,,,,,,,0.2971,0.2857,0.3333,0.3333,0.3333,0.2,,
stacker_candidate_scores_iter1.csv,iter1,CatBoost,,,,,,,,,,,,,,0.7867,1.0,0.2,1.0,1.0,0.7333,,
stacker_candidate_scores_iter1.csv,iter1,MLP,,,,,,,,,,,,,,0.8067,0.8,0.5,1.0,1.0,0.7333,,
stacker_candidate_scores_iter1.csv,iter1,SVM,,,,,,,,,,,,,,0.8467,1.0,0.5,1.0,1.0,0.7333,,
stacker_candidate_scores_iter1.csv,iter1,NaiveBayes,,,,,,,,,,,,,,0.5057,0.7619,0.2,0.7333,0.3333,0.5,,
stacker_candidate_scores_iter1.csv,iter1,StackingCV,,,,,,,,,,,,,,0.8133,1.0,0.3333,1.0,1.0,0.7333,,
stacker_binary_metrics_iter1_svm.csv,iter1,,,,,,,,,0.6,1.0,,0.0,0.75,,,,,,,,,
stacker_binary_metrics_iter1_svm.csv,iter1,,,,,,,,,1.0,0.3333,,1.0,0.5,,,,,,,,,
stacker_best_model_folds_iter1.csv,iter1,,,Fold-1,0.3333,,,,,,,,,,,,,,,,,,
stacker_best_model_folds_iter1.csv,iter1,,,Fold-2,1.0,,,,,,,,,,,,,,,,,,
stacker_best_model_folds_iter1.csv,iter1,,,Fold-3,1.0,,,,,,,,,,,,,,,,,,
stacker_best_model_folds_iter1.csv,iter1,,,Fold-4,0.4286,,,,,,,,,,,,,,,,,,
stacker_best_model_folds_iter1.csv,iter1,,,Fold-5,0.2,,,,,,,,,,,,,,,,,,
stacker_preds_iter1.csv,iter1,,,,,36.0,0.0,0.0,,,,,,,,,,,,,,,
stacker_preds_iter1.csv,iter1,,,,,523.0,0.0,0.0,,,,,,,,,,,,,,,
stacker_preds_iter1.csv,iter1,,,,,835.0,1.0,0.0,,,,,,,,,,,,,,,
stacker_preds_iter1.csv,iter1,,,,,1084.0,0.0,0.0,,,,,,,,,,,,,,,
stacker_preds_iter1.csv,iter1,,,,,514.0,0.0,0.0,,,,,,,,,,,,,,,
stacker_binary_metrics_iter1_logisticregression.csv,iter1,,,,,,,,,0.8,1.0,,0.0,0.8889,,,,,,,,,
stacker_binary_metrics_iter1_logisticregression.csv,iter1,,,,,,,,,0.0,0.0,,1.0,0.0,,,,,,,,,
stacker_candidate_scores_iter1.csv,iter1,LogisticRegression,,,,,,,,,,,,,,0.5924,0.3333,1.0,1.0,0.4286,0.2,,
stacker_candidate_scores_iter1.csv,iter1,RandomForest,,,,,,,,,,,,,,0.4895,0.4286,0.4286,0.4286,0.4286,0.7333,,
stacker_candidate_scores_iter1.csv,iter1,XGBoost,,,,,,,,,,,,,,0.3829,0.4286,0.4286,0.4286,0.4286,0.2,,
stacker_candidate_scores_iter1.csv,iter1,LightGBM,,,,,,,,,,,,,,0.4286,0.4286,0.4286,0.4286,0.4286,0.4286,,
stacker_candidate_scores_iter1.csv,iter1,CatBoost,,,,,,,,,,,,,,0.4895,0.4286,0.4286,0.4286,0.4286,0.7333,,
stacker_candidate_scores_iter1.csv,iter1,MLP,,,,,,,,,,,,,,0.4781,0.4286,0.4286,1.0,0.3333,0.2,,
stacker_candidate_scores_iter1.csv,iter1,SVM,,,,,,,,,,,,,,0.459,0.3333,0.4286,1.0,0.3333,0.2,,
stacker_candidate_scores_iter1.csv,iter1,NaiveBayes,,,,,,,,,,,,,,0.4895,0.4286,0.4286,0.7333,0.4286,0.4286,,
stacker_candidate_scores_iter1.csv,iter1,StackingCV,,,,,,,,,,,,,,0.4324,0.3333,1.0,0.4286,0.2,0.2,,
stacker_shap_top_features_iter1_logisticregression.csv,iter1,,,,,,,,,,,,,,,,,,,,,6.0,0.216507
stacker_shap_top_features_iter1_logisticregression.csv,iter1,,,,,,,,,,,,,,,,,,,,,4.0,0.086865
stacker_shap_top_features_iter1_logisticregression.csv,iter1,,,,,,,,,,,,,,,,,,,,,5.0,0.038796
stacker_shap_top_features_iter1_logisticregression.csv,iter1,,,,,,,,,,,,,,,,,,,,,0.0,0.005006
stacker_shap_top_features_iter1_logisticregression.csv,iter1,,,,,,,,,,,,,,,,,,,,,1.0,0.002479
stacker_shap_top_features_iter1_logisticregression.csv,iter1,,,,,,,,,,,,,,,,,,,,,3.0,0.000204
stacker_shap_top_features_iter1_logisticregression.csv,iter1,,,,,,,,,,,,,,,,,,,,,2.0,9e-06
stacker_binary_metrics_iter2_xgboost.csv,iter2,0.0,0.7143,1.0,0.8333,,,,,,,,,,,,,,,,,,
stacker_binary_metrics_iter2_xgboost.csv,iter2,1.0,1.0,0.3333,0.5,,,,,,,,,,,,,,,,,,
stacker_shap_top_features_iter2_xgboost.csv,iter2,,,,,[1 0],0.477139,,,,,,,,,,,,,,,,
stacker_shap_top_features_iter2_xgboost.csv,iter2,,,,,[0 1],0.477139,,,,,,,,,,,,,,,,
stacker_shap_top_features_iter2_xgboost.csv,iter2,,,,,[0 1],0.477139,,,,,,,,,,,,,,,,
stacker_shap_top_features_iter2_xgboost.csv,iter2,,,,,[0 1],0.477139,,,,,,,,,,,,,,,,
stacker_shap_top_features_iter2_xgboost.csv,iter2,,,,,[1 0],0.477139,,,,,,,,,,,,,,,,
stacker_shap_top_features_iter2_xgboost.csv,iter2,,,,,[0 1],0.477139,,,,,,,,,,,,,,,,
stacker_shap_top_features_iter2_xgboost.csv,iter2,,,,,[0 1],0.477139,,,,,,,,,,,,,,,,
transformer,iter2,,,,,,,Accuracy,0.3813099707968294,,,,,,,,,,,,,,
transformer,iter2,,,,,,,AUC,0.5824848240245781,,,,,,,,,,,,,,
transformer,iter2,,,,,,,Precision_1,0.3218661639962299,,,,,,,,,,,,,,
transformer,iter2,,,,,,,Recall_1,0.939477303988996,,,,,,,,,,,,,,
transformer,iter2,,,,,,,F1_1,0.4794664794664794,,,,,,,,,,,,,,
lstm,iter2,,,,,,,Accuracy,0.6508135168961201,,,,,,,,,,,,,,
lstm,iter2,,,,,,,AUC,0.6135986623726413,,,,,,,,,,,,,,
stacker_best_model_folds_iter2.csv,iter2,,,,,,,,,Fold-1,0.625,,,,,,,,,,,,
stacker_best_model_folds_iter2.csv,iter2,,,,,,,,,Fold-2,0.7778,,,,,,,,,,,,
stacker_best_model_folds_iter2.csv,iter2,,,,,,,,,Fold-3,0.7778,,,,,,,,,,,,
stacker_best_model_folds_iter2.csv,iter2,,,,,,,,,Fold-4,1.0,,,,,,,,,,,,
stacker_best_model_folds_iter2.csv,iter2,,,,,,,,,Fold-5,0.7619,,,,,,,,,,,,
stacker_candidate_scores_iter2.csv,iter2,,,,,,,,,,,LogisticRegression,0.6995,0.625,0.4857,0.625,0.7619,1.0,,,,,
stacker_candidate_scores_iter2.csv,iter2,,,,,,,,,,,RandomForest,0.6774,0.625,0.7778,0.7778,0.4444,0.7619,,,,,
stacker_candidate_scores_iter2.csv,iter2,,,,,,,,,,,XGBoost,0.7885,0.625,0.7778,0.7778,1.0,0.7619,,,,,
stacker_candidate_scores_iter2.csv,iter2,,,,,,,,,,,LightGBM,0.3305,0.4,0.4,0.4,0.1667,0.2857,,,,,
stacker_candidate_scores_iter2.csv,iter2,,,,,,,,,,,CatBoost,0.6417,0.625,0.7778,0.7778,0.4444,0.5833,,,,,
stacker_candidate_scores_iter2.csv,iter2,,,,,,,,,,,MLP,0.5806,0.625,0.625,0.625,0.4444,0.5833,,,,,
stacker_candidate_scores_iter2.csv,iter2,,,,,,,,,,,SVM,0.6907,0.625,0.8286,0.625,0.375,1.0,,,,,
stacker_candidate_scores_iter2.csv,iter2,,,,,,,,,,,NaiveBayes,0.3906,0.4,0.3333,0.4,0.4444,0.375,,,,,
stacker_candidate_scores_iter2.csv,iter2,,,,,,,,,,,StackingCV,0.7046,0.3333,0.8286,0.7778,1.0,0.5833,,,,,
tabular,iter2,,,,,,,,,,,RandomForest,,,,,,,0.6657,,,,
tabular,iter2,,,,,,,,,,,XGBoost,,,,,,,0.5151,,,,
clinicalbert_transformer,iter2,,,,,,,Accuracy,0.675,,,,,,,,,,,,,,
clinicalbert_transformer,iter2,,,,,,,MacroAUC,0.5156695156695157,,,,,,,,,,,,,,
clinicalbert_transformer,iter2,,,,,,,Precision_1,0.5,,,,,,,,,,,,,,
clinicalbert_transformer,iter2,,,,,,,Recall_1,0.1538461538461538,,,,,,,,,,,,,,
clinicalbert_transformer,iter2,,,,,,,F1_1,0.2352941176470588,,,,,,,,,,,,,,
tfidf,iter2,,0.8648194794290512,0.7442196531791907,,,,0,,,,,,,,,,,,0.8,,,
tfidf,iter2,,0.5878928987194412,0.7582582582582582,,,,1,,,,,,,,,,,,0.6622950819672131,,,
tfidf,iter2,,0.748780487804878,,,,,Accuracy,,,,,,,,,,,,,,,
tfidf,iter2,,0.8373669912687254,,,,,ROC_AUC,,,,,,,,,,,,,,,
stacker_preds_iter2.csv,iter2,,,,,,,,,,,,,,,,,,,,1272.0,0.0,0.0
stacker_preds_iter2.csv,iter2,,,,,,,,,,,,,,,,,,,,801.0,0.0,0.0
stacker_preds_iter2.csv,iter2,,,,,,,,,,,,,,,,,,,,782.0,1.0,1.0
stacker_preds_iter2.csv,iter2,,,,,,,,,,,,,,,,,,,,1084.0,0.0,0.0
stacker_preds_iter2.csv,iter2,,,,,,,,,,,,,,,,,,,,117.0,0.0,0.0
stacker_preds_iter2.csv,iter2,,,,,,,,,,,,,,,,,,,,1148.0,0.0,0.0
stacker_preds_iter2.csv,iter2,,,,,,,,,,,,,,,,,,,,509.0,1.0,0.0
stacker_preds_iter2.csv,iter2,,,,,,,,,,,,,,,,,,,,846.0,1.0,0.0
gru,iter2,,,,,,,Accuracy,0.685857321652065,,,,,,,,,,,,,,
gru,iter2,,,,,,,AUC,0.7190517177474487,,,,,,,,,,,,,,
gru,iter2,,,,,,,Precision_1,0.486228813559322,,,,,,,,,,,,,,
gru,iter2,,,,,,,Recall_1,0.6313617606602476,,,,,,,,,,,,,,
gru,iter2,,,,,,,F1_1,0.5493716337522442,,,,,,,,,,,,,,
stacker_binary_metrics_iter2_xgboost.csv,iter2,0.0,0.7143,1.0,0.8333,,,,,,,,,,,,,,,,,,
stacker_binary_metrics_iter2_xgboost.csv,iter2,1.0,1.0,0.3333,0.5,,,,,,,,,,,,,,,,,,
stacker_shap_top_features_iter2_xgboost.csv,iter2,,,,,[1 0],0.477139,,,,,,,,,,,,,,,,
stacker_shap_top_features_iter2_xgboost.csv,iter2,,,,,[0 1],0.477139,,,,,,,,,,,,,,,,
stacker_shap_top_features_iter2_xgboost.csv,iter2,,,,,[0 1],0.477139,,,,,,,,,,,,,,,,
stacker_shap_top_features_iter2_xgboost.csv,iter2,,,,,[0 1],0.477139,,,,,,,,,,,,,,,,
stacker_shap_top_features_iter2_xgboost.csv,iter2,,,,,[1 0],0.477139,,,,,,,,,,,,,,,,
stacker_shap_top_features_iter2_xgboost.csv,iter2,,,,,[0 1],0.477139,,,,,,,,,,,,,,,,
stacker_shap_top_features_iter2_xgboost.csv,iter2,,,,,[0 1],0.477139,,,,,,,,,,,,,,,,
stacker_best_model_folds_iter2.csv,iter2,,,,,,,,,Fold-1,0.625,,,,,,,,,,,,
stacker_best_model_folds_iter2.csv,iter2,,,,,,,,,Fold-2,0.7778,,,,,,,,,,,,
stacker_best_model_folds_iter2.csv,iter2,,,,,,,,,Fold-3,0.7778,,,,,,,,,,,,
stacker_best_model_folds_iter2.csv,iter2,,,,,,,,,Fold-4,1.0,,,,,,,,,,,,
stacker_best_model_folds_iter2.csv,iter2,,,,,,,,,Fold-5,0.7619,,,,,,,,,,,,
stacker_candidate_scores_iter2.csv,iter2,,,,,,,,,,,LogisticRegression,0.6995,0.625,0.4857,0.625,0.7619,1.0,,,,,
stacker_candidate_scores_iter2.csv,iter2,,,,,,,,,,,RandomForest,0.6774,0.625,0.7778,0.7778,0.4444,0.7619,,,,,
stacker_candidate_scores_iter2.csv,iter2,,,,,,,,,,,XGBoost,0.7885,0.625,0.7778,0.7778,1.0,0.7619,,,,,
stacker_candidate_scores_iter2.csv,iter2,,,,,,,,,,,LightGBM,0.3305,0.4,0.4,0.4,0.1667,0.2857,,,,,
stacker_candidate_scores_iter2.csv,iter2,,,,,,,,,,,CatBoost,0.6417,0.625,0.7778,0.7778,0.4444,0.5833,,,,,
stacker_candidate_scores_iter2.csv,iter2,,,,,,,,,,,MLP,0.5806,0.625,0.625,0.625,0.4444,0.5833,,,,,
stacker_candidate_scores_iter2.csv,iter2,,,,,,,,,,,SVM,0.6907,0.625,0.8286,0.625,0.375,1.0,,,,,
stacker_candidate_scores_iter2.csv,iter2,,,,,,,,,,,NaiveBayes,0.3906,0.4,0.3333,0.4,0.4444,0.375,,,,,
stacker_candidate_scores_iter2.csv,iter2,,,,,,,,,,,StackingCV,0.7046,0.3333,0.8286,0.7778,1.0,0.5833,,,,,
stacker_preds_iter2.csv,iter2,,,,,,,,,,,,,,,,,,,,1272.0,0.0,0.0
stacker_preds_iter2.csv,iter2,,,,,,,,,,,,,,,,,,,,801.0,0.0,0.0
stacker_preds_iter2.csv,iter2,,,,,,,,,,,,,,,,,,,,782.0,1.0,1.0
stacker_preds_iter2.csv,iter2,,,,,,,,,,,,,,,,,,,,1084.0,0.0,0.0
stacker_preds_iter2.csv,iter2,,,,,,,,,,,,,,,,,,,,117.0,0.0,0.0
stacker_preds_iter2.csv,iter2,,,,,,,,,,,,,,,,,,,,1148.0,0.0,0.0
stacker_preds_iter2.csv,iter2,,,,,,,,,,,,,,,,,,,,509.0,1.0,0.0
stacker_preds_iter2.csv,iter2,,,,,,,,,,,,,,,,,,,,846.0,1.0,0.0
tabular,iter3,RandomForest,0.6568,,,,,,,,,,,,,,,,,,,,
tabular,iter3,XGBoost,0.6681,,,,,,,,,,,,,,,,,,,,
lstm,iter3,,,Accuracy,0.6153525239883187,,,,,,,,,,,,,,,,,,
lstm,iter3,,,AUC,0.6145351662562084,,,,,,,,,,,,,,,,,,
stacker_candidate_scores_iter3.csv,iter3,LogisticRegression,,,,0.8,1.0,0.3333,1.0,1.0,0.6667,,,,,,,,,,,,
stacker_candidate_scores_iter3.csv,iter3,RandomForest,,,,0.4824,0.4286,0.3333,0.25,1.0,0.4,,,,,,,,,,,,
stacker_candidate_scores_iter3.csv,iter3,XGBoost,,,,0.5657,0.4286,0.3333,0.6667,0.4,1.0,,,,,,,,,,,,
stacker_candidate_scores_iter3.csv,iter3,LightGBM,,,,0.23,0.2,0.2,0.25,0.25,0.25,,,,,,,,,,,,
stacker_candidate_scores_iter3.csv,iter3,CatBoost,,,,0.5314,0.4286,0.4286,0.4,1.0,0.4,,,,,,,,,,,,
stacker_candidate_scores_iter3.csv,iter3,MLP,,,,0.5014,0.4286,0.4286,0.25,1.0,0.4,,,,,,,,,,,,
stacker_candidate_scores_iter3.csv,iter3,SVM,,,,0.7467,1.0,0.3333,0.4,1.0,1.0,,,,,,,,,,,,
stacker_candidate_scores_iter3.csv,iter3,NaiveBayes,,,,0.3924,0.4286,0.3333,0.4,0.4,0.4,,,,,,,,,,,,
stacker_candidate_scores_iter3.csv,iter3,StackingCV,,,,0.13,0.2,0.2,0.25,0.0,0.0,,,,,,,,,,,,
transformer,iter3,,,Accuracy,0.3583646224447225,,,,,,,,,,,,,,,,,,
transformer,iter3,,,AUC,0.5423918325659547,,,,,,,,,,,,,,,,,,
transformer,iter3,,,Precision_1,0.3086361491269466,,,,,,,,,,,,,,,,,,
transformer,iter3,,,Recall_1,0.8995873452544704,,,,,,,,,,,,,,,,,,
transformer,iter3,,,F1_1,0.4595924104005622,,,,,,,,,,,,,,,,,,
stacker_best_model_folds_iter3.csv,iter3,,,,,,,,,,,Fold-1,1.0,,,,,,,,,,
stacker_best_model_folds_iter3.csv,iter3,,,,,,,,,,,Fold-2,0.3333,,,,,,,,,,
stacker_best_model_folds_iter3.csv,iter3,,,,,,,,,,,Fold-3,1.0,,,,,,,,,,
stacker_best_model_folds_iter3.csv,iter3,,,,,,,,,,,Fold-4,1.0,,,,,,,,,,
stacker_best_model_folds_iter3.csv,iter3,,,,,,,,,,,Fold-5,0.6667,,,,,,,,,,
clinicalbert_transformer,iter3,,,Accuracy,0.7391304347826086,,,,,,,,,,,,,,,,,,
clinicalbert_transformer,iter3,,,MacroAUC,0.4642857142857142,,,,,,,,,,,,,,,,,,
clinicalbert_transformer,iter3,,,Precision_1,1.0,,,,,,,,,,,,,,,,,,
clinicalbert_transformer,iter3,,,Recall_1,0.1428571428571428,,,,,,,,,,,,,,,,,,
clinicalbert_transformer,iter3,,,F1_1,0.25,,,,,,,,,,,,,,,,,,
tfidf,iter3,,,0,,,,,,,,,,0.8728323699421965,0.751778093883357,0.80779518532671,,,,,,,
tfidf,iter3,,,1,,,,,,,,,,0.5884433962264151,0.7641653905053599,0.664890073284477,,,,,,,
tfidf,iter3,,,Accuracy,,,,,,,,,,0.7557066537153958,,,,,,,,,
tfidf,iter3,,,ROC_AUC,,,,,,,,,,0.838026266776166,,,,,,,,,
stacker_shap_top_features_iter3_logisticregression.csv,iter3,,,,,,,,,,,,,,,,6.0,0.095339,,,,,
stacker_shap_top_features_iter3_logisticregression.csv,iter3,,,,,,,,,,,,,,,,4.0,0.033264,,,,,
stacker_shap_top_features_iter3_logisticregression.csv,iter3,,,,,,,,,,,,,,,,1.0,0.014988,,,,,
stacker_shap_top_features_iter3_logisticregression.csv,iter3,,,,,,,,,,,,,,,,5.0,0.009862,,,,,
stacker_shap_top_features_iter3_logisticregression.csv,iter3,,,,,,,,,,,,,,,,0.0,0.00371,,,,,
stacker_shap_top_features_iter3_logisticregression.csv,iter3,,,,,,,,,,,,,,,,3.0,0.000893,,,,,
stacker_shap_top_features_iter3_logisticregression.csv,iter3,,,,,,,,,,,,,,,,2.0,0.0,,,,,
stacker_binary_metrics_iter3_logisticregression.csv,iter3,,,,,,,,,,,,,0.3333,0.3333,,,,0.0,0.3333,,,
stacker_binary_metrics_iter3_logisticregression.csv,iter3,,,,,,,,,,,,,0.0,0.0,,,,1.0,0.0,,,
gru,iter3,,,Accuracy,0.6662494785148102,,,,,,,,,,,,,,,,,,
gru,iter3,,,AUC,0.7237618298478696,,,,,,,,,,,,,,,,,,
gru,iter3,,,Precision_1,0.4616193480546793,,,,,,,,,,,,,,,,,,
gru,iter3,,,Recall_1,0.6038514442916093,,,,,,,,,,,,,,,,,,
gru,iter3,,,F1_1,0.5232419547079857,,,,,,,,,,,,,,,,,,
stacker_preds_iter3.csv,iter3,,,,,,,,,,,,,,,,,,,,1272.0,0.0,1.0
stacker_preds_iter3.csv,iter3,,,,,,,,,,,,,,,,,,,,1257.0,0.0,0.0
stacker_preds_iter3.csv,iter3,,,,,,,,,,,,,,,,,,,,109.0,1.0,0.0
stacker_preds_iter3.csv,iter3,,,,,,,,,,,,,,,,,,,,1124.0,1.0,0.0
stacker_preds_iter3.csv,iter3,,,,,,,,,,,,,,,,,,,,736.0,0.0,1.0
stacker_candidate_scores_iter3.csv,iter3,LogisticRegression,,,,0.8,1.0,0.3333,1.0,1.0,0.6667,,,,,,,,,,,,
stacker_candidate_scores_iter3.csv,iter3,RandomForest,,,,0.4824,0.4286,0.3333,0.25,1.0,0.4,,,,,,,,,,,,
stacker_candidate_scores_iter3.csv,iter3,XGBoost,,,,0.5657,0.4286,0.3333,0.6667,0.4,1.0,,,,,,,,,,,,
stacker_candidate_scores_iter3.csv,iter3,LightGBM,,,,0.23,0.2,0.2,0.25,0.25,0.25,,,,,,,,,,,,
stacker_candidate_scores_iter3.csv,iter3,CatBoost,,,,0.5314,0.4286,0.4286,0.4,1.0,0.4,,,,,,,,,,,,
stacker_candidate_scores_iter3.csv,iter3,MLP,,,,0.5014,0.4286,0.4286,0.25,1.0,0.4,,,,,,,,,,,,
stacker_candidate_scores_iter3.csv,iter3,SVM,,,,0.7467,1.0,0.3333,0.4,1.0,1.0,,,,,,,,,,,,
stacker_candidate_scores_iter3.csv,iter3,NaiveBayes,,,,0.3924,0.4286,0.3333,0.4,0.4,0.4,,,,,,,,,,,,
stacker_candidate_scores_iter3.csv,iter3,StackingCV,,,,0.13,0.2,0.2,0.25,0.0,0.0,,,,,,,,,,,,
stacker_best_model_folds_iter3.csv,iter3,,,,,,,,,,,Fold-1,1.0,,,,,,,,,,
stacker_best_model_folds_iter3.csv,iter3,,,,,,,,,,,Fold-2,0.3333,,,,,,,,,,
stacker_best_model_folds_iter3.csv,iter3,,,,,,,,,,,Fold-3,1.0,,,,,,,,,,
stacker_best_model_folds_iter3.csv,iter3,,,,,,,,,,,Fold-4,1.0,,,,,,,,,,
stacker_best_model_folds_iter3.csv,iter3,,,,,,,,,,,Fold-5,0.6667,,,,,,,,,,
stacker_shap_top_features_iter3_logisticregression.csv,iter3,,,,,,,,,,,,,,,,6.0,0.095339,,,,,
stacker_shap_top_features_iter3_logisticregression.csv,iter3,,,,,,,,,,,,,,,,4.0,0.033264,,,,,
stacker_shap_top_features_iter3_logisticregression.csv,iter3,,,,,,,,,,,,,,,,1.0,0.014988,,,,,
stacker_shap_top_features_iter3_logisticregression.csv,iter3,,,,,,,,,,,,,,,,5.0,0.009862,,,,,
stacker_shap_top_features_iter3_logisticregression.csv,iter3,,,,,,,,,,,,,,,,0.0,0.00371,,,,,
stacker_shap_top_features_iter3_logisticregression.csv,iter3,,,,,,,,,,,,,,,,3.0,0.000893,,,,,
stacker_shap_top_features_iter3_logisticregression.csv,iter3,,,,,,,,,,,,,,,,2.0,0.0,,,,,
stacker_binary_metrics_iter3_logisticregression.csv,iter3,,,,,,,,,,,,,0.3333,0.3333,,,,0.0,0.3333,,,
stacker_binary_metrics_iter3_logisticregression.csv,iter3,,,,,,,,,,,,,0.0,0.0,,,,1.0,0.0,,,
stacker_preds_iter3.csv,iter3,,,,,,,,,,,,,,,,,,,,1272.0,0.0,1.0
stacker_preds_iter3.csv,iter3,,,,,,,,,,,,,,,,,,,,1257.0,0.0,0.0
stacker_preds_iter3.csv,iter3,,,,,,,,,,,,,,,,,,,,109.0,1.0,0.0
stacker_preds_iter3.csv,iter3,,,,,,,,,,,,,,,,,,,,1124.0,1.0,0.0
stacker_preds_iter3.csv,iter3,,,,,,,,,,,,,,,,,,,,736.0,0.0,1.0
clinicalbert_transformer,iter4,Accuracy,0.5172413793103449,,,,,,,,,,,,,,,,,,
clinicalbert_transformer,iter4,MacroAUC,0.5865384615384616,,,,,,,,,,,,,,,,,,
clinicalbert_transformer,iter4,Precision_1,0.3333333333333333,,,,,,,,,,,,,,,,,,
clinicalbert_transformer,iter4,Recall_1,0.0769230769230769,,,,,,,,,,,,,,,,,,
clinicalbert_transformer,iter4,F1_1,0.125,,,,,,,,,,,,,,,,,,
gru,iter4,Accuracy,0.6837713808927827,,,,,,,,,,,,,,,,,,
gru,iter4,AUC,0.7448286370862126,,,,,,,,,,,,,,,,,,
gru,iter4,Precision_1,0.485053037608486,,,,,,,,,,,,,,,,,,
gru,iter4,Recall_1,0.6918844566712518,,,,,,,,,,,,,,,,,,
gru,iter4,F1_1,0.5702947845804989,,,,,,,,,,,,,,,,,,
stacker_binary_metrics_iter4_svm.csv,iter4,,,0.0,0.75,1.0,0.8571,,,,,,,,,,,,,,
stacker_binary_metrics_iter4_svm.csv,iter4,,,1.0,1.0,0.6667,0.8,,,,,,,,,,,,,,
lstm,iter4,Accuracy,0.5836462244472257,,,,,,,,,,,,,,,,,,
lstm,iter4,AUC,0.5807983757382073,,,,,,,,,,,,,,,,,,
tfidf,iter4,0,,,0.8753096614368291,0.7598566308243727,,0.8135072908672295,,,,,,,,,,,,,
tfidf,iter4,1,,,0.6035502958579881,0.7715582450832073,,0.6772908366533864,,,,,,,,,,,,,
tfidf,iter4,Accuracy,,,0.7636186770428015,,,,,,,,,,,,,,,,
tfidf,iter4,ROC_AUC,,,0.8553576366860247,,,,,,,,,,,,,,,,
stacker_preds_iter4.csv,iter4,,,,,,,,305.0,1.0,1.0,,,,,,,,,,
stacker_preds_iter4.csv,iter4,,,,,,,,514.0,0.0,0.0,,,,,,,,,,
stacker_preds_iter4.csv,iter4,,,,,,,,1308.0,1.0,0.0,,,,,,,,,,
stacker_preds_iter4.csv,iter4,,,,,,,,1033.0,0.0,0.0,,,,,,,,,,
stacker_preds_iter4.csv,iter4,,,,,,,,819.0,0.0,0.0,,,,,,,,,,
stacker_preds_iter4.csv,iter4,,,,,,,,1066.0,1.0,1.0,,,,,,,,,,
stacker_best_model_folds_iter4.csv,iter4,,,,,,,,,,,Fold-1,0.8,,,,,,,,
stacker_best_model_folds_iter4.csv,iter4,,,,,,,,,,,Fold-2,1.0,,,,,,,,
stacker_best_model_folds_iter4.csv,iter4,,,,,,,,,,,Fold-3,0.5833,,,,,,,,
stacker_best_model_folds_iter4.csv,iter4,,,,,,,,,,,Fold-4,0.7333,,,,,,,,
stacker_best_model_folds_iter4.csv,iter4,,,,,,,,,,,Fold-5,0.5,,,,,,,,
tabular,iter4,,,,,,,,,,,,,RandomForest,0.6491,,,,,,
tabular,iter4,,,,,,,,,,,,,XGBoost,0.6589,,,,,,
transformer,iter4,Accuracy,0.3642052565707134,,,,,,,,,,,,,,,,,,
transformer,iter4,AUC,0.5414895106623068,,,,,,,,,,,,,,,,,,
transformer,iter4,Precision_1,0.3126469205453691,,,,,,,,,,,,,,,,,,
transformer,iter4,Recall_1,0.9147180192572214,,,,,,,,,,,,,,,,,,
transformer,iter4,F1_1,0.4660126138752627,,,,,,,,,,,,,,,,,,
stacker_candidate_scores_iter4.csv,iter4,,,,,,,,,,,,,LogisticRegression,,0.6833,0.8,0.8,0.5833,0.7333,0.5
stacker_candidate_scores_iter4.csv,iter4,,,,,,,,,,,,,RandomForest,,0.6667,1.0,1.0,0.4,0.7333,0.2
stacker_candidate_scores_iter4.csv,iter4,,,,,,,,,,,,,XGBoost,,0.5757,0.7619,1.0,0.5833,0.3333,0.2
stacker_candidate_scores_iter4.csv,iter4,,,,,,,,,,,,,LightGBM,,0.3048,0.2857,0.2857,0.2857,0.3333,0.3333
stacker_candidate_scores_iter4.csv,iter4,,,,,,,,,,,,,CatBoost,,0.6667,1.0,1.0,0.4,0.7333,0.2
stacker_candidate_scores_iter4.csv,iter4,,,,,,,,,,,,,MLP,,0.6157,0.7619,0.8,0.5833,0.7333,0.2
stacker_candidate_scores_iter4.csv,iter4,,,,,,,,,,,,,SVM,,0.7233,0.8,1.0,0.5833,0.7333,0.5
stacker_candidate_scores_iter4.csv,iter4,,,,,,,,,,,,,NaiveBayes,,0.5,0.5833,0.5833,0.4,0.7333,0.2
stacker_candidate_scores_iter4.csv,iter4,,,,,,,,,,,,,StackingCV,,0.5833,1.0,0.8,0.5833,0.3333,0.2
stacker_binary_metrics_iter4_svm.csv,iter4,,,0.0,0.75,1.0,0.8571,,,,,,,,,,,,,,
stacker_binary_metrics_iter4_svm.csv,iter4,,,1.0,1.0,0.6667,0.8,,,,,,,,,,,,,,
stacker_preds_iter4.csv,iter4,,,,,,,,305.0,1.0,1.0,,,,,,,,,,
stacker_preds_iter4.csv,iter4,,,,,,,,514.0,0.0,0.0,,,,,,,,,,
stacker_preds_iter4.csv,iter4,,,,,,,,1308.0,1.0,0.0,,,,,,,,,,
stacker_preds_iter4.csv,iter4,,,,,,,,1033.0,0.0,0.0,,,,,,,,,,
stacker_preds_iter4.csv,iter4,,,,,,,,819.0,0.0,0.0,,,,,,,,,,
stacker_preds_iter4.csv,iter4,,,,,,,,1066.0,1.0,1.0,,,,,,,,,,
stacker_best_model_folds_iter4.csv,iter4,,,,,,,,,,,Fold-1,0.8,,,,,,,,
stacker_best_model_folds_iter4.csv,iter4,,,,,,,,,,,Fold-2,1.0,,,,,,,,
stacker_best_model_folds_iter4.csv,iter4,,,,,,,,,,,Fold-3,0.5833,,,,,,,,
stacker_best_model_folds_iter4.csv,iter4,,,,,,,,,,,Fold-4,0.7333,,,,,,,,
stacker_best_model_folds_iter4.csv,iter4,,,,,,,,,,,Fold-5,0.5,,,,,,,,
stacker_candidate_scores_iter4.csv,iter4,,,,,,,,,,,,,LogisticRegression,,0.6833,0.8,0.8,0.5833,0.7333,0.5
stacker_candidate_scores_iter4.csv,iter4,,,,,,,,,,,,,RandomForest,,0.6667,1.0,1.0,0.4,0.7333,0.2
stacker_candidate_scores_iter4.csv,iter4,,,,,,,,,,,,,XGBoost,,0.5757,0.7619,1.0,0.5833,0.3333,0.2
stacker_candidate_scores_iter4.csv,iter4,,,,,,,,,,,,,LightGBM,,0.3048,0.2857,0.2857,0.2857,0.3333,0.3333
stacker_candidate_scores_iter4.csv,iter4,,,,,,,,,,,,,CatBoost,,0.6667,1.0,1.0,0.4,0.7333,0.2
stacker_candidate_scores_iter4.csv,iter4,,,,,,,,,,,,,MLP,,0.6157,0.7619,0.8,0.5833,0.7333,0.2
stacker_candidate_scores_iter4.csv,iter4,,,,,,,,,,,,,SVM,,0.7233,0.8,1.0,0.5833,0.7333,0.5
stacker_candidate_scores_iter4.csv,iter4,,,,,,,,,,,,,NaiveBayes,,0.5,0.5833,0.5833,0.4,0.7333,0.2
stacker_candidate_scores_iter4.csv,iter4,,,,,,,,,,,,,StackingCV,,0.5833,1.0,0.8,0.5833,0.3333,0.2
gru,iter5,Accuracy,0.4876929495202336,,,,,,,,,,,,,,,,,,,,
gru,iter5,AUC,0.6357321121168942,,,,,,,,,,,,,,,,,,,,
gru,iter5,Precision_1,0.3544450900639163,,,,,,,,,,,,,,,,,,,,
gru,iter5,Recall_1,0.8390646492434664,,,,,,,,,,,,,,,,,,,,
gru,iter5,F1_1,0.4983660130718954,,,,,,,,,,,,,,,,,,,,
stacker_binary_metrics_iter5_logisticregression.csv,iter5,,,0.0,0.6,1.0,0.75,,,,,,,,,,,,,,,,
stacker_binary_metrics_iter5_logisticregression.csv,iter5,,,1.0,1.0,0.3333,0.5,,,,,,,,,,,,,,,,
stacker_best_model_folds_iter5.csv,iter5,,,,,,,Fold-1,0.5833,,,,,,,,,,,,,,
stacker_best_model_folds_iter5.csv,iter5,,,,,,,Fold-2,0.5,,,,,,,,,,,,,,
stacker_best_model_folds_iter5.csv,iter5,,,,,,,Fold-3,0.5,,,,,,,,,,,,,,
stacker_best_model_folds_iter5.csv,iter5,,,,,,,Fold-4,0.7333,,,,,,,,,,,,,,
stacker_best_model_folds_iter5.csv,iter5,,,,,,,Fold-5,0.3333,,,,,,,,,,,,,,
stacker_preds_iter5.csv,iter5,,,,,,,,,199.0,1.0,0.0,,,,,,,,,,,
stacker_preds_iter5.csv,iter5,,,,,,,,,235.0,1.0,1.0,,,,,,,,,,,
stacker_preds_iter5.csv,iter5,,,,,,,,,736.0,0.0,0.0,,,,,,,,,,,
stacker_preds_iter5.csv,iter5,,,,,,,,,689.0,1.0,0.0,,,,,,,,,,,
stacker_preds_iter5.csv,iter5,,,,,,,,,1283.0,0.0,0.0,,,,,,,,,,,
stacker_preds_iter5.csv,iter5,,,,,,,,,801.0,0.0,0.0,,,,,,,,,,,
transformer,iter5,Accuracy,0.6937838965373383,,,,,,,,,,,,,,,,,,,,
transformer,iter5,AUC,0.5872179986656673,,,,,,,,,,,,,,,,,,,,
transformer,iter5,Precision_1,0.3703703703703703,,,,,,,,,,,,,,,,,,,,
transformer,iter5,Recall_1,0.0137551581843191,,,,,,,,,,,,,,,,,,,,
transformer,iter5,F1_1,0.026525198938992,,,,,,,,,,,,,,,,,,,,
stacker_candidate_scores_iter5.csv,iter5,,,,,,,,,,,,LogisticRegression,0.53,0.5833,0.5,0.5,0.7333,0.3333,,,,
stacker_candidate_scores_iter5.csv,iter5,,,,,,,,,,,,RandomForest,0.4433,0.5833,0.7333,0.5,0.2,0.2,,,,
stacker_candidate_scores_iter5.csv,iter5,,,,,,,,,,,,XGBoost,0.489,0.5833,0.7333,0.5,0.2,0.4286,,,,
stacker_candidate_scores_iter5.csv,iter5,,,,,,,,,,,,LightGBM,0.2971,0.2857,0.3333,0.3333,0.3333,0.2,,,,
stacker_candidate_scores_iter5.csv,iter5,,,,,,,,,,,,CatBoost,0.4233,0.5833,0.5,0.5,0.2,0.3333,,,,
stacker_candidate_scores_iter5.csv,iter5,,,,,,,,,,,,MLP,0.48,0.8,0.7333,0.3333,0.2,0.3333,,,,
stacker_candidate_scores_iter5.csv,iter5,,,,,,,,,,,,SVM,0.3967,0.5833,0.5,0.5,0.2,0.2,,,,
stacker_candidate_scores_iter5.csv,iter5,,,,,,,,,,,,NaiveBayes,0.3967,0.5833,0.5,0.5,0.2,0.2,,,,
stacker_candidate_scores_iter5.csv,iter5,,,,,,,,,,,,StackingCV,0.4067,0.4,0.5,0.7333,0.2,0.2,,,,
tfidf,iter5,0,,,0.8853448275862069,0.7463662790697675,,,,,,,,,,,,,,0.8099369085173501,,,
tfidf,iter5,1,,,0.6038592508513053,0.8,,,,,,,,,,,,,,0.6882276843467011,,,
tfidf,iter5,Accuracy,,,0.7638412542871141,,,,,,,,,,,,,,,,,,
tfidf,iter5,ROC_AUC,,,0.852155097044938,,,,,,,,,,,,,,,,,,
tabular,iter5,,,,,,,,,,,,RandomForest,,,,,,,,0.6315,,
tabular,iter5,,,,,,,,,,,,XGBoost,,,,,,,,0.5078,,
stacker_shap_top_features_iter5_logisticregression.csv,iter5,,,,,,,,,,,,,,,,,,,,,6.0,0.166958
stacker_shap_top_features_iter5_logisticregression.csv,iter5,,,,,,,,,,,,,,,,,,,,,0.0,0.038977
stacker_shap_top_features_iter5_logisticregression.csv,iter5,,,,,,,,,,,,,,,,,,,,,4.0,0.03437
stacker_shap_top_features_iter5_logisticregression.csv,iter5,,,,,,,,,,,,,,,,,,,,,1.0,0.017552
stacker_shap_top_features_iter5_logisticregression.csv,iter5,,,,,,,,,,,,,,,,,,,,,5.0,0.015905
stacker_shap_top_features_iter5_logisticregression.csv,iter5,,,,,,,,,,,,,,,,,,,,,2.0,0.003873
stacker_shap_top_features_iter5_logisticregression.csv,iter5,,,,,,,,,,,,,,,,,,,,,3.0,0.000287
clinicalbert_transformer,iter5,Accuracy,0.6296296296296297,,,,,,,,,,,,,,,,,,,,
clinicalbert_transformer,iter5,MacroAUC,0.55,,,,,,,,,,,,,,,,,,,,
clinicalbert_transformer,iter5,Precision_1,0.6666666666666666,,,,,,,,,,,,,,,,,,,,
clinicalbert_transformer,iter5,Recall_1,0.3333333333333333,,,,,,,,,,,,,,,,,,,,
clinicalbert_transformer,iter5,F1_1,0.4444444444444444,,,,,,,,,,,,,,,,,,,,
lstm,iter5,Accuracy,0.6528994576554026,,,,,,,,,,,,,,,,,,,,
lstm,iter5,AUC,0.681899200224036,,,,,,,,,,,,,,,,,,,,
stacker_binary_metrics_iter5_logisticregression.csv,iter5,,,0.0,0.6,1.0,0.75,,,,,,,,,,,,,,,,
stacker_binary_metrics_iter5_logisticregression.csv,iter5,,,1.0,1.0,0.3333,0.5,,,,,,,,,,,,,,,,
stacker_best_model_folds_iter5.csv,iter5,,,,,,,Fold-1,0.5833,,,,,,,,,,,,,,
stacker_best_model_folds_iter5.csv,iter5,,,,,,,Fold-2,0.5,,,,,,,,,,,,,,
stacker_best_model_folds_iter5.csv,iter5,,,,,,,Fold-3,0.5,,,,,,,,,,,,,,
stacker_best_model_folds_iter5.csv,iter5,,,,,,,Fold-4,0.7333,,,,,,,,,,,,,,
stacker_best_model_folds_iter5.csv,iter5,,,,,,,Fold-5,0.3333,,,,,,,,,,,,,,
stacker_preds_iter5.csv,iter5,,,,,,,,,199.0,1.0,0.0,,,,,,,,,,,
stacker_preds_iter5.csv,iter5,,,,,,,,,235.0,1.0,1.0,,,,,,,,,,,
stacker_preds_iter5.csv,iter5,,,,,,,,,736.0,0.0,0.0,,,,,,,,,,,
stacker_preds_iter5.csv,iter5,,,,,,,,,689.0,1.0,0.0,,,,,,,,,,,
stacker_preds_iter5.csv,iter5,,,,,,,,,1283.0,0.0,0.0,,,,,,,,,,,
stacker_preds_iter5.csv,iter5,,,,,,,,,801.0,0.0,0.0,,,,,,,,,,,
stacker_candidate_scores_iter5.csv,iter5,,,,,,,,,,,,LogisticRegression,0.53,0.5833,0.5,0.5,0.7333,0.3333,,,,
stacker_candidate_scores_iter5.csv,iter5,,,,,,,,,,,,RandomForest,0.4433,0.5833,0.7333,0.5,0.2,0.2,,,,
stacker_candidate_scores_iter5.csv,iter5,,,,,,,,,,,,XGBoost,0.489,0.5833,0.7333,0.5,0.2,0.4286,,,,
stacker_candidate_scores_iter5.csv,iter5,,,,,,,,,,,,LightGBM,0.2971,0.2857,0.3333,0.3333,0.3333,0.2,,,,
stacker_candidate_scores_iter5.csv,iter5,,,,,,,,,,,,CatBoost,0.4233,0.5833,0.5,0.5,0.2,0.3333,,,,
stacker_candidate_scores_iter5.csv,iter5,,,,,,,,,,,,MLP,0.48,0.8,0.7333,0.3333,0.2,0.3333,,,,
stacker_candidate_scores_iter5.csv,iter5,,,,,,,,,,,,SVM,0.3967,0.5833,0.5,0.5,0.2,0.2,,,,
stacker_candidate_scores_iter5.csv,iter5,,,,,,,,,,,,NaiveBayes,0.3967,0.5833,0.5,0.5,0.2,0.2,,,,
stacker_candidate_scores_iter5.csv,iter5,,,,,,,,,,,,StackingCV,0.4067,0.4,0.5,0.7333,0.2,0.2,,,,
stacker_shap_top_features_iter5_logisticregression.csv,iter5,,,,,,,,,,,,,,,,,,,,,6.0,0.166958
stacker_shap_top_features_iter5_logisticregression.csv,iter5,,,,,,,,,,,,,,,,,,,,,0.0,0.038977
stacker_shap_top_features_iter5_logisticregression.csv,iter5,,,,,,,,,,,,,,,,,,,,,4.0,0.03437
stacker_shap_top_features_iter5_logisticregression.csv,iter5,,,,,,,,,,,,,,,,,,,,,1.0,0.017552
stacker_shap_top_features_iter5_logisticregression.csv,iter5,,,,,,,,,,,,,,,,,,,,,5.0,0.015905
stacker_shap_top_features_iter5_logisticregression.csv,iter5,,,,,,,,,,,,,,,,,,,,,2.0,0.003873
stacker_shap_top_features_iter5_logisticregression.csv,iter5,,,,,,,,,,,,,,,,,,,,,3.0,0.000287
stacker_shap_top_features_iter6_catboost.csv,iter6,2.0,0.556378,,,,,,,,,,,,,,,,,,,,
stacker_shap_top_features_iter6_catboost.csv,iter6,3.0,0.426135,,,,,,,,,,,,,,,,,,,,
stacker_shap_top_features_iter6_catboost.csv,iter6,6.0,0.391586,,,,,,,,,,,,,,,,,,,,
stacker_shap_top_features_iter6_catboost.csv,iter6,4.0,0.095588,,,,,,,,,,,,,,,,,,,,
stacker_shap_top_features_iter6_catboost.csv,iter6,5.0,0.072976,,,,,,,,,,,,,,,,,,,,
stacker_shap_top_features_iter6_catboost.csv,iter6,0.0,0.0677,,,,,,,,,,,,,,,,,,,,
stacker_shap_top_features_iter6_catboost.csv,iter6,1.0,0.066781,,,,,,,,,,,,,,,,,,,,
transformer,iter6,,,Accuracy,0.3258239465999165,,,,,,,,,,,,,,,,,,
transformer,iter6,,,AUC,0.5982019454900378,,,,,,,,,,,,,,,,,,
transformer,iter6,,,Precision_1,0.308981521272024,,,,,,,,,,,,,,,,,,
transformer,iter6,,,Recall_1,0.9889958734525448,,,,,,,,,,,,,,,,,,
transformer,iter6,,,F1_1,0.4708578912901113,,,,,,,,,,,,,,,,,,
gru,iter6,,,Accuracy,0.5978306216103463,,,,,,,,,,,,,,,,,,
gru,iter6,,,AUC,0.6060658600268514,,,,,,,,,,,,,,,,,,
gru,iter6,,,Precision_1,0.3707742639040349,,,,,,,,,,,,,,,,,,
gru,iter6,,,Recall_1,0.4676753782668501,,,,,,,,,,,,,,,,,,
gru,iter6,,,F1_1,0.413625304136253,,,,,,,,,,,,,,,,,,
stacker_candidate_scores_iter6.csv,iter6,,,,,LogisticRegression,0.7467,1.0,1.0,0.5,0.5,0.7333,,,,,,,,,,,
stacker_candidate_scores_iter6.csv,iter6,,,,,RandomForest,0.7333,1.0,1.0,0.7333,0.2,0.7333,,,,,,,,,,,
stacker_candidate_scores_iter6.csv,iter6,,,,,XGBoost,0.7333,1.0,1.0,0.7333,0.2,0.7333,,,,,,,,,,,
stacker_candidate_scores_iter6.csv,iter6,,,,,LightGBM,0.2533,0.2,0.2,0.2,0.3333,0.3333,,,,,,,,,,,
stacker_candidate_scores_iter6.csv,iter6,,,,,CatBoost,0.7933,1.0,1.0,0.7333,0.5,0.7333,,,,,,,,,,,
stacker_candidate_scores_iter6.csv,iter6,,,,,MLP,0.5333,1.0,0.7333,0.0,0.2,0.7333,,,,,,,,,,,
stacker_candidate_scores_iter6.csv,iter6,,,,,SVM,0.6867,1.0,1.0,0.5,0.2,0.7333,,,,,,,,,,,
stacker_candidate_scores_iter6.csv,iter6,,,,,NaiveBayes,0.3371,0.4286,0.4286,0.4286,0.2,0.2,,,,,,,,,,,
stacker_candidate_scores_iter6.csv,iter6,,,,,StackingCV,0.7333,1.0,1.0,0.7333,0.2,0.7333,,,,,,,,,,,
clinicalbert_transformer,iter6,,,Accuracy,0.6428571428571429,,,,,,,,,,,,,,,,,,
clinicalbert_transformer,iter6,,,MacroAUC,0.3450292397660818,,,,,,,,,,,,,,,,,,
clinicalbert_transformer,iter6,,,Precision_1,0.3333333333333333,,,,,,,,,,,,,,,,,,
clinicalbert_transformer,iter6,,,Recall_1,0.1111111111111111,,,,,,,,,,,,,,,,,,
clinicalbert_transformer,iter6,,,F1_1,0.1666666666666666,,,,,,,,,,,,,,,,,,
lstm,iter6,,,Accuracy,0.5607008760951189,,,,,,,,,,,,,,,,,,
lstm,iter6,,,AUC,0.6198683787857573,,,,,,,,,,,,,,,,,,
tabular,iter6,,,,,RandomForest,,,,,,,0.6616,,,,,,,,,,
tabular,iter6,,,,,XGBoost,,,,,,,0.5481,,,,,,,,,,
stacker_preds_iter6.csv,iter6,,,,,,,,,,,,,17.0,0.0,0.0,,,,,,,
stacker_preds_iter6.csv,iter6,,,,,,,,,,,,,174.0,0.0,0.0,,,,,,,
stacker_preds_iter6.csv,iter6,,,,,,,,,,,,,154.0,0.0,0.0,,,,,,,
stacker_preds_iter6.csv,iter6,,,,,,,,,,,,,36.0,0.0,0.0,,,,,,,
stacker_preds_iter6.csv,iter6,,,,,,,,,,,,,203.0,1.0,0.0,,,,,,,
stacker_preds_iter6.csv,iter6,,,,,,,,,,,,,443.0,1.0,1.0,,,,,,,
tfidf,iter6,,,0,,,,,,,,,,,,,0.8795472918350848,0.7656579873328642,0.8186606471030851,,,,
tfidf,iter6,,,1,,,,,,,,,,,,,0.6021505376344086,0.7718223583460949,0.676510067114094,,,,
tfidf,iter6,,,Accuracy,,,,,,,,,,,,,0.7675988428158148,,,,,,
tfidf,iter6,,,ROC_AUC,,,,,,,,,,,,,0.8490300275995702,,,,,,
stacker_binary_metrics_iter6_catboost.csv,iter6,,,,,,,,,,,,,,,,0.8,1.0,,0.0,0.8889,,
stacker_binary_metrics_iter6_catboost.csv,iter6,,,,,,,,,,,,,,,,1.0,0.5,,1.0,0.6667,,
stacker_best_model_folds_iter6.csv,iter6,,,,,,,,,,,,,,,,,,,,,Fold-1,1.0
stacker_best_model_folds_iter6.csv,iter6,,,,,,,,,,,,,,,,,,,,,Fold-2,1.0
stacker_best_model_folds_iter6.csv,iter6,,,,,,,,,,,,,,,,,,,,,Fold-3,0.7333
stacker_best_model_folds_iter6.csv,iter6,,,,,,,,,,,,,,,,,,,,,Fold-4,0.5
stacker_best_model_folds_iter6.csv,iter6,,,,,,,,,,,,,,,,,,,,,Fold-5,0.7333
stacker_shap_top_features_iter6_catboost.csv,iter6,2.0,0.556378,,,,,,,,,,,,,,,,,,,,
stacker_shap_top_features_iter6_catboost.csv,iter6,3.0,0.426135,,,,,,,,,,,,,,,,,,,,
stacker_shap_top_features_iter6_catboost.csv,iter6,6.0,0.391586,,,,,,,,,,,,,,,,,,,,
stacker_shap_top_features_iter6_catboost.csv,iter6,4.0,0.095588,,,,,,,,,,,,,,,,,,,,
stacker_shap_top_features_iter6_catboost.csv,iter6,5.0,0.072976,,,,,,,,,,,,,,,,,,,,
stacker_shap_top_features_iter6_catboost.csv,iter6,0.0,0.0677,,,,,,,,,,,,,,,,,,,,
stacker_shap_top_features_iter6_catboost.csv,iter6,1.0,0.066781,,,,,,,,,,,,,,,,,,,,
stacker_candidate_scores_iter6.csv,iter6,,,,,LogisticRegression,0.7467,1.0,1.0,0.5,0.5,0.7333,,,,,,,,,,,
stacker_candidate_scores_iter6.csv,iter6,,,,,RandomForest,0.7333,1.0,1.0,0.7333,0.2,0.7333,,,,,,,,,,,
stacker_candidate_scores_iter6.csv,iter6,,,,,XGBoost,0.7333,1.0,1.0,0.7333,0.2,0.7333,,,,,,,,,,,
stacker_candidate_scores_iter6.csv,iter6,,,,,LightGBM,0.2533,0.2,0.2,0.2,0.3333,0.3333,,,,,,,,,,,
stacker_candidate_scores_iter6.csv,iter6,,,,,CatBoost,0.7933,1.0,1.0,0.7333,0.5,0.7333,,,,,,,,,,,
stacker_candidate_scores_iter6.csv,iter6,,,,,MLP,0.5333,1.0,0.7333,0.0,0.2,0.7333,,,,,,,,,,,
stacker_candidate_scores_iter6.csv,iter6,,,,,SVM,0.6867,1.0,1.0,0.5,0.2,0.7333,,,,,,,,,,,
stacker_candidate_scores_iter6.csv,iter6,,,,,NaiveBayes,0.3371,0.4286,0.4286,0.4286,0.2,0.2,,,,,,,,,,,
stacker_candidate_scores_iter6.csv,iter6,,,,,StackingCV,0.7333,1.0,1.0,0.7333,0.2,0.7333,,,,,,,,,,,
stacker_preds_iter6.csv,iter6,,,,,,,,,,,,,17.0,0.0,0.0,,,,,,,
stacker_preds_iter6.csv,iter6,,,,,,,,,,,,,174.0,0.0,0.0,,,,,,,
stacker_preds_iter6.csv,iter6,,,,,,,,,,,,,154.0,0.0,0.0,,,,,,,
stacker_preds_iter6.csv,iter6,,,,,,,,,,,,,36.0,0.0,0.0,,,,,,,
stacker_preds_iter6.csv,iter6,,,,,,,,,,,,,203.0,1.0,0.0,,,,,,,
stacker_preds_iter6.csv,iter6,,,,,,,,,,,,,443.0,1.0,1.0,,,,,,,
stacker_binary_metrics_iter6_catboost.csv,iter6,,,,,,,,,,,,,,,,0.8,1.0,,0.0,0.8889,,
stacker_binary_metrics_iter6_catboost.csv,iter6,,,,,,,,,,,,,,,,1.0,0.5,,1.0,0.6667,,
stacker_best_model_folds_iter6.csv,iter6,,,,,,,,,,,,,,,,,,,,,Fold-1,1.0
stacker_best_model_folds_iter6.csv,iter6,,,,,,,,,,,,,,,,,,,,,Fold-2,1.0
stacker_best_model_folds_iter6.csv,iter6,,,,,,,,,,,,,,,,,,,,,Fold-3,0.7333
stacker_best_model_folds_iter6.csv,iter6,,,,,,,,,,,,,,,,,,,,,Fold-4,0.5
stacker_best_model_folds_iter6.csv,iter6,,,,,,,,,,,,,,,,,,,,,Fold-5,0.7333
